Cycle start time,Cycle end time,Cycle timezone,Workout start time,Workout end time,Duration (min),Activity name,Activity Strain,Energy burned (cal),Max HR (bpm),Average HR (bpm),HR Zone 1 %,HR Zone 2 %,HR Zone 3 %,HR Zone 4 %,HR Zone 5 %,GPS enabled
2026-03-30 00:27:00,2026-03-30 23:41:17,UTC+05:30,2026-03-30 08:57:07,2026-03-30 10:03:23,66,Weightlifting,12.2,211.0,136,103,40,0,0,0,0,false
2026-03-29 01:27:09,2026-03-30 00:27:00,UTC+05:30,2026-03-29 20:08:52,2026-03-29 21:25:59,77,Running,0.0,94.0,83,51,0,0,0,0,0,false
2026-03-28 00:00:00,2026-03-29 01:27:09,UTC+05:30,2026-03-28 20:57:00,2026-03-28 21:10:29,13,Spin,4.9,74.0,141,116,91,2,0,0,0,false
2026-03-28 00:00:00,2026-03-29 01:27:09,UTC+05:30,2026-03-28 08:33:14,2026-03-28 08:47:49,14,Walking,5.9,106.0,161,125,62,10,17,0,0,false
2026-03-26 00:00:00,2026-03-27 02:19:48,UTC+05:30,2026-03-26 18:16:58,2026-03-26 19:18:10,61,Running,18.8,988.0,193,168,0,3,17,31,49,false
2026-03-05 02:22:44,2026-03-06 02:22:44,UTC+05:30,2026-03-05 21:13:30,2026-03-05 21:59:59,46,Activity,6.5,208.0,146,111,66,2,0,0,0,false
2026-03-04 06:51:12,2026-03-05 02:22:44,UTC+05:30,2026-03-04 19:37:13,2026-03-04 20:38:14,61,Strength Trainer,13.1,407.0,160,122,67,21,2,0,0,false
2026-03-03 06:37:13,2026-03-04 06:51:12,UTC+05:30,2026-03-03 19:55:36,2026-03-03 21:04:45,69,Strength Trainer,10.3,367.0,154,114,66,10,0,0,0,false
2026-03-02 06:24:25,2026-03-03 06:37:13,UTC+05:30,2026-03-03 00:49:30,2026-03-03 01:16:29,26,Spin,7.3,213.0,166,128,66,23,10,0,0,false
2026-03-02 06:24:25,2026-03-03 06:37:13,UTC+05:30,2026-03-02 23:52:30,2026-03-03 00:05:59,13,Commuting,5.4,98.0,149,125,81,19,0,0,0,false
2026-03-02 06:24:25,2026-03-03 06:37:13,UTC+05:30,2026-03-02 19:51:32,2026-03-02 21:07:30,75,Strength Trainer,15.0,544.0,161,124,70,21,3,0,0,false
2026-02-28 05:29:20,2026-03-01 06:02:25,UTC+05:30,2026-02-28 23:01:30,2026-02-28 23:17:59,16,Commuting,5.9,128.0,153,128,67,31,1,0,0,false
2026-02-26 03:56:02,2026-02-27 05:28:23,UTC+05:30,2026-02-26 21:25:46,2026-02-26 22:26:53,61,Strength Trainer,10.2,293.0,151,113,70,5,0,0,0,false
2026-02-25 04:00:46,2026-02-26 03:56:02,UTC+05:30,2026-02-25 22:02:34,2026-02-25 22:52:38,50,Weightlifting,11.9,259.0,152,115,81,5,0,0,0,false
2026-02-23 06:01:04,2026-02-24 03:35:33,UTC+05:30,2026-02-23 19:32:39,2026-02-23 20:54:45,82,Weightlifting,14.7,663.0,161,130,55,39,4,0,0,false
2026-02-21 06:34:30,2026-02-22 03:04:55,UTC+05:30,2026-02-21 19:44:48,2026-02-21 20:55:39,70,Weightlifting,13.0,352.0,158,115,70,7,1,0,0,false
2026-02-20 01:58:22,2026-02-21 06:34:30,UTC+05:30,2026-02-21 01:42:00,2026-02-21 01:58:29,16,Activity,4.8,70.0,140,112,74,0,0,0,0,false
2026-02-20 01:58:22,2026-02-21 06:34:30,UTC+05:30,2026-02-20 19:54:59,2026-02-20 21:05:15,70,Weightlifting,14.6,604.0,167,133,47,36,14,1,0,false
2026-02-19 00:46:31,2026-02-20 01:58:22,UTC+05:30,2026-02-19 19:50:56,2026-02-19 20:56:44,65,Weightlifting,15.2,649.0,166,139,24,48,27,1,0,false
2026-02-18 00:17:48,2026-02-19 00:46:31,UTC+05:30,2026-02-18 19:06:06,2026-02-18 20:43:21,97,Weightlifting,15.2,758.0,163,129,51,28,16,0,0,false
2026-02-17 02:58:28,2026-02-18 00:17:48,UTC+05:30,2026-02-17 19:14:12,2026-02-17 20:15:50,61,Weightlifting,12.9,323.0,152,116,71,10,0,0,0,false
2026-02-16 04:00:00,2026-02-17 02:58:28,UTC+05:30,2026-02-16 22:45:00,2026-02-16 23:04:29,19,Commuting,6.4,154.0,162,129,63,28,9,0,0,false
2026-02-16 04:00:00,2026-02-17 02:58:28,UTC+05:30,2026-02-16 21:03:00,2026-02-16 21:19:29,16,Weightlifting,5.5,99.0,148,120,72,19,0,0,0,false
2026-02-15 00:04:49,2026-02-16 04:00:00,UTC+05:30,2026-02-16 02:16:30,2026-02-16 03:38:59,82,Activity,9.9,486.0,156,120,70,14,1,0,0,false
2026-02-14 03:01:27,2026-02-15 00:04:49,UTC+05:30,2026-02-14 18:48:00,2026-02-14 19:01:29,13,Activity,5.9,112.0,161,131,37,44,14,0,0,false
2026-02-14 03:01:27,2026-02-15 00:04:49,UTC+05:30,2026-02-14 17:37:30,2026-02-14 17:59:59,22,Activity,5.8,129.0,160,118,67,9,7,0,0,false
2026-02-12 02:47:59,2026-02-13 00:27:26,UTC+05:30,2026-02-12 19:34:30,2026-02-12 19:59:59,25,Commuting,6.8,187.0,157,126,54,37,2,0,0,false
2026-02-12 02:47:59,2026-02-13 00:27:26,UTC+05:30,2026-02-12 15:06:00,2026-02-12 15:38:59,32,Activity,9.1,277.0,197,131,58,22,5,9,4,false
2026-02-12 02:47:59,2026-02-13 00:27:26,UTC+05:30,2026-02-12 11:33:00,2026-02-12 11:47:59,14,Commuting,5.4,93.0,150,121,60,24,0,0,0,false
2026-02-12 02:47:59,2026-02-13 00:27:26,UTC+05:30,2026-02-12 10:33:00,2026-02-12 10:59:59,26,Activity,6.9,198.0,156,126,62,30,4,0,0,false
2026-02-10 23:58:09,2026-02-12 02:47:59,UTC+05:30,2026-02-11 17:55:49,2026-02-11 19:17:08,81,Weightlifting,13.9,501.0,165,120,52,22,5,0,0,false
2026-02-10 23:58:09,2026-02-12 02:47:59,UTC+05:30,2026-02-11 17:18:00,2026-02-11 17:29:59,11,Activity,6.3,118.0,164,139,23,46,30,1,0,false
2026-02-09 23:57:51,2026-02-10 23:58:09,UTC+05:30,2026-02-10 19:45:31,2026-02-10 20:35:25,49,Weightlifting,8.0,292.0,165,118,66,13,4,0,0,false
2026-02-09 23:57:51,2026-02-10 23:58:09,UTC+05:30,2026-02-10 09:42:00,2026-02-10 09:59:59,17,Activity,4.7,60.0,150,104,41,6,0,0,0,false
2026-02-09 00:41:23,2026-02-09 23:57:51,UTC+05:30,2026-02-09 17:50:54,2026-02-09 19:13:36,82,Weightlifting,9.7,482.0,161,118,74,11,2,0,0,false
2026-02-09 00:41:23,2026-02-09 23:57:51,UTC+05:30,2026-02-09 17:34:18,2026-02-09 17:47:54,13,Walking,5.0,75.0,146,117,69,13,0,0,0,false
2026-02-08 01:21:16,2026-02-09 00:41:23,UTC+05:30,2026-02-08 12:15:32,2026-02-08 14:14:21,118,Dance,14.4,981.0,169,130,42,39,16,0,0,false
2026-02-07 00:47:46,2026-02-08 01:21:16,UTC+05:30,2026-02-07 19:11:20,2026-02-07 19:24:54,13,Other,6.7,136.0,163,138,24,41,35,0,0,false
2026-02-07 00:47:46,2026-02-08 01:21:16,UTC+05:30,2026-02-07 17:46:04,2026-02-07 19:00:39,74,Strength Trainer,13.9,484.0,158,121,65,24,2,0,0,false
2026-02-07 00:47:46,2026-02-08 01:21:16,UTC+05:30,2026-02-07 12:17:26,2026-02-07 13:58:05,100,Dance,12.6,737.0,163,125,61,28,7,0,0,false
2026-02-05 23:38:38,2026-02-07 00:47:46,UTC+05:30,2026-02-06 17:11:50,2026-02-06 18:41:21,89,Strength Trainer,13.5,459.0,156,114,69,11,0,0,0,false
2026-02-05 00:02:22,2026-02-05 23:38:38,UTC+05:30,2026-02-05 18:20:24,2026-02-05 19:30:45,70,Strength Trainer,15.4,425.0,154,119,76,14,0,0,0,false
2026-02-03 23:38:53,2026-02-05 00:02:22,UTC+05:30,2026-02-04 18:20:15,2026-02-04 19:37:13,76,Strength Trainer,13.6,470.0,155,119,77,17,0,0,0,false
2026-02-03 00:03:00,2026-02-03 23:38:53,UTC+05:30,2026-02-03 18:05:16,2026-02-03 19:16:15,70,Strength Trainer,12.2,278.0,148,108,61,2,0,0,0,false
2026-01-31 01:31:04,2026-02-01 00:43:48,UTC+05:30,2026-01-31 18:05:07,2026-01-31 19:05:10,60,Strength Trainer,14.7,426.0,164,124,72,20,4,0,0,false
2026-01-29 22:55:49,2026-01-31 01:31:04,UTC+05:30,2026-01-30 17:15:57,2026-01-30 18:37:49,81,Strength Trainer,13.1,560.0,162,122,69,22,3,0,0,false
2026-01-29 00:38:32,2026-01-29 22:55:49,UTC+05:30,2026-01-29 09:25:23,2026-01-29 09:59:58,34,Strength Trainer,11.2,249.0,166,124,67,22,10,0,0,false
2026-01-27 23:15:39,2026-01-29 00:38:32,UTC+05:30,2026-01-28 11:51:00,2026-01-28 12:22:29,31,Activity,8.0,261.0,172,130,51,45,3,1,0,false
2026-01-27 23:15:39,2026-01-29 00:38:32,UTC+05:30,2026-01-28 07:15:10,2026-01-28 08:05:23,50,Strength Trainer,17.5,420.0,156,130,46,49,5,0,0,false
2026-01-27 02:27:09,2026-01-27 23:15:39,UTC+05:30,2026-01-27 09:31:25,2026-01-27 10:02:38,31,Strength Trainer,14.0,156.0,155,114,68,11,1,0,0,false
2026-01-26 01:41:37,2026-01-27 02:27:09,UTC+05:30,2026-01-26 09:22:28,2026-01-26 10:02:01,39,Strength Trainer,11.8,197.0,153,114,72,7,0,0,0,false
2026-01-24 00:04:32,2026-01-25 00:46:47,UTC+05:30,2026-01-24 09:16:20,2026-01-24 09:59:45,43,Weightlifting,11.1,402.0,170,135,33,29,28,3,0,false
2026-01-23 00:41:47,2026-01-24 00:04:32,UTC+05:30,2026-01-23 16:54:57,2026-01-23 18:05:03,70,Strength Trainer,12.2,355.0,162,114,75,5,0,0,0,false
2026-01-21 23:52:09,2026-01-23 00:41:47,UTC+05:30,2026-01-22 09:00:42,2026-01-22 10:25:30,84,Strength Trainer,11.4,577.0,164,123,53,25,5,0,0,false
2026-01-21 01:24:54,2026-01-21 23:52:09,UTC+05:30,2026-01-21 16:46:30,2026-01-21 18:02:59,76,Weightlifting,9.7,466.0,156,120,73,15,0,0,0,false
2026-01-19 01:44:25,2026-01-20 02:09:56,UTC+05:30,2026-01-19 21:21:00,2026-01-19 21:35:59,14,Activity,5.4,104.0,151,126,83,16,1,0,0,false
2026-01-16 00:12:40,2026-01-18 01:10:40,UTC+05:30,2026-01-16 21:01:30,2026-01-16 21:49:29,47,Weightlifting,8.9,338.0,159,126,57,31,6,0,0,false
2026-01-15 02:46:05,2026-01-16 00:12:40,UTC+05:30,2026-01-15 20:27:00,2026-01-15 21:34:29,67,Weightlifting,8.5,359.0,163,117,66,13,2,0,0,false
2026-01-11 02:10:07,2026-01-12 03:05:05,UTC+05:30,2026-01-11 22:07:30,2026-01-11 22:50:59,43,Activity,7.5,254.0,162,119,64,16,5,0,0,false
2026-01-09 02:25:09,2026-01-10 03:06:18,UTC+05:30,2026-01-09 15:40:30,2026-01-09 15:55:29,14,Activity,4.5,53.0,143,106,42,6,0,0,0,false
2026-01-05 23:57:15,2026-01-07 01:16:06,UTC+05:30,2026-01-06 18:00:00,2026-01-06 18:16:29,16,Kayaking,4.6,56.0,134,108,68,0,0,0,0,false
2026-01-04 23:57:15,2026-01-05 23:57:15,UTC+05:30,2026-01-05 20:54:00,2026-01-05 21:08:59,14,Activity,5.6,108.0,158,126,70,16,12,0,0,false
2026-01-03 00:52:58,2026-01-04 06:31:50,UTC+05:30,2026-01-03 19:33:00,2026-01-03 20:02:59,29,Weightlifting,5.7,141.0,154,113,73,7,0,0,0,false
2026-01-02 03:07:37,2026-01-03 00:52:58,UTC+05:30,2026-01-02 17:06:00,2026-01-02 18:34:29,88,Weightlifting,8.9,420.0,153,113,65,8,0,0,0,false
2026-01-01 02:32:58,2026-01-02 03:07:37,UTC+05:30,2026-01-01 18:37:30,2026-01-01 19:59:59,82,Weightlifting,8.7,410.0,154,114,73,6,0,0,0,false
2025-12-31 02:34:29,2026-01-01 02:32:58,UTC+05:30,2025-12-31 19:03:00,2025-12-31 19:38:59,35,Weightlifting,6.0,161.0,147,111,68,6,0,0,0,false
2025-12-29 02:50:28,2025-12-30 02:20:22,UTC+05:30,2025-12-29 09:16:30,2025-12-29 10:05:59,49,Weightlifting,7.8,288.0,151,118,66,18,0,0,0,false
2025-12-28 03:44:30,2025-12-29 02:50:28,UTC+05:30,2025-12-28 19:16:30,2025-12-28 19:35:59,19,Activity,6.9,174.0,158,133,43,51,6,0,0,false
2025-12-26 23:15:37,2025-12-28 03:44:30,UTC+05:30,2025-12-27 12:04:30,2025-12-27 12:37:29,32,Weightlifting,6.6,198.0,149,119,74,14,0,0,0,false
2025-12-24 23:09:23,2025-12-26 03:03:06,UTC+05:30,2025-12-25 22:39:00,2025-12-25 23:02:59,23,Activity,5.7,142.0,143,119,95,2,0,0,0,false
2025-12-23 01:25:24,2025-12-23 22:32:09,UTC+05:30,2025-12-23 20:09:00,2025-12-23 20:28:29,19,Activity,6.8,165.0,163,131,31,48,18,0,0,false
2025-12-23 01:25:24,2025-12-23 22:32:09,UTC+05:30,2025-12-23 18:58:41,2025-12-23 19:47:28,48,Swimming,9.5,377.0,167,127,48,37,11,0,0,false
2025-12-23 01:25:24,2025-12-23 22:32:09,UTC+05:30,2025-12-23 17:39:00,2025-12-23 18:58:07,79,Activity,9.5,459.0,156,118,80,13,1,0,0,false
2025-12-21 02:43:41,2025-12-22 01:25:24,UTC+05:30,2025-12-21 11:03:00,2025-12-21 11:28:29,25,Activity,11.0,289.0,195,145,27,22,18,23,10,false
2025-12-18 01:06:59,2025-12-19 01:14:23,UTC+05:30,2025-12-18 09:19:23,2025-12-18 09:59:37,40,Weightlifting,6.9,231.0,160,117,81,11,1,0,0,false
2025-12-16 23:41:15,2025-12-18 01:06:59,UTC+05:30,2025-12-17 14:24:00,2025-12-17 14:38:59,14,Activity,10.4,206.0,190,157,6,11,19,31,33,false
2025-12-16 01:10:26,2025-12-16 23:41:15,UTC+05:30,2025-12-16 21:10:30,2025-12-16 21:32:59,22,Commuting,5.5,117.0,144,114,71,10,0,0,0,false
2025-12-12 21:39:32,2025-12-13 23:34:20,UTC+05:30,2025-12-13 14:10:30,2025-12-13 14:37:29,26,Activity,10.9,303.0,202,144,18,24,36,14,8,false
2025-12-08 23:18:18,2025-12-09 21:56:26,UTC+05:30,2025-12-09 07:14:12,2025-12-09 07:29:42,15,Running,8.6,182.0,177,146,9,41,27,19,2,false
2025-11-26 00:26:23,2025-11-27 00:23:33,UTC+05:30,2025-11-26 16:48:00,2025-11-26 17:58:29,70,Weightlifting,10.5,481.0,165,124,54,27,4,0,0,false
2025-11-25 00:09:19,2025-11-26 00:26:23,UTC+05:30,2025-11-25 17:09:00,2025-11-25 18:16:29,67,Weightlifting,9.7,441.0,162,123,74,15,5,0,0,false
2025-11-24 02:24:43,2025-11-25 00:09:19,UTC+05:30,2025-11-24 17:43:30,2025-11-24 18:23:59,40,Weightlifting,6.3,190.0,154,114,67,5,0,0,0,false
2025-11-24 02:24:43,2025-11-25 00:09:19,UTC+05:30,2025-11-24 16:57:00,2025-11-24 17:14:59,17,Weightlifting,4.9,75.0,150,111,53,6,0,0,0,false
2025-11-21 00:19:54,2025-11-22 01:46:47,UTC+05:30,2025-11-21 16:40:30,2025-11-21 18:04:29,83,Weightlifting,14.7,483.0,155,120,72,14,0,0,0,false
2025-11-16 01:02:53,2025-11-17 00:13:34,UTC+05:30,2025-11-16 22:46:30,2025-11-16 23:28:55,42,Activity,8.0,287.0,163,125,64,24,4,0,0,false
2025-11-15 00:29:46,2025-11-16 01:02:53,UTC+05:30,2025-11-15 19:21:00,2025-11-15 19:58:29,37,Weightlifting,5.5,136.0,145,109,59,1,0,0,0,false
2025-11-15 00:29:46,2025-11-16 01:02:53,UTC+05:30,2025-11-15 18:34:30,2025-11-15 19:04:29,29,Weightlifting,5.5,123.0,156,112,57,8,1,0,0,false
2025-11-13 23:47:54,2025-11-15 00:29:46,UTC+05:30,2025-11-14 21:27:00,2025-11-14 21:52:29,25,Weightlifting,5.2,98.0,143,111,61,2,0,0,0,false
2025-11-11 00:32:19,2025-11-12 03:39:22,UTC+05:30,2025-11-11 18:49:30,2025-11-11 20:11:59,82,Powerlifting,10.7,561.0,158,125,76,18,2,0,0,false
2025-11-08 00:08:29,2025-11-09 02:16:36,UTC+05:30,2025-11-08 20:21:00,2025-11-08 21:23:59,62,Weightlifting,7.8,313.0,157,117,72,9,0,0,0,false
2025-11-06 23:46:51,2025-11-08 00:08:29,UTC+05:30,2025-11-07 20:45:00,2025-11-07 21:19:29,34,Weightlifting,5.9,163.0,147,116,79,3,0,0,0,false
2025-11-04 23:44:38,2025-11-05 23:39:22,UTC+05:30,2025-11-05 18:42:00,2025-11-05 19:40:29,58,Weightlifting,7.1,270.0,151,115,75,4,0,0,0,false
2025-10-31 00:20:25,2025-11-01 00:46:59,UTC+05:30,2025-10-31 21:30:00,2025-10-31 21:47:59,17,Activity,5.5,114.0,151,124,78,14,0,0,0,false
2025-10-31 00:20:25,2025-11-01 00:46:59,UTC+05:30,2025-10-31 20:28:30,2025-10-31 21:01:29,32,Weightlifting,6.4,176.0,159,119,65,12,3,0,0,false
2025-10-27 23:26:40,2025-10-28 23:54:32,UTC+05:30,2025-10-28 18:01:30,2025-10-28 18:16:29,14,Weightlifting,4.4,42.0,148,105,40,6,0,0,0,false
2025-10-27 02:00:31,2025-10-27 23:26:40,UTC+05:30,2025-10-27 19:19:30,2025-10-27 19:53:59,34,Weightlifting,5.0,98.0,133,106,61,0,0,0,0,false
2025-10-25 00:35:25,2025-10-26 01:37:04,UTC+05:30,2025-10-25 19:13:30,2025-10-25 20:01:29,47,Weightlifting,7.5,278.0,161,120,74,15,0,0,0,false
2025-10-23 21:43:15,2025-10-25 00:35:25,UTC+05:30,2025-10-24 20:48:00,2025-10-24 21:16:29,28,Weightlifting,5.4,121.0,144,112,71,3,0,0,0,false
2025-10-21 23:41:34,2025-10-23 02:18:13,UTC+05:30,2025-10-22 20:40:30,2025-10-22 21:59:59,79,Weightlifting,9.1,424.0,154,118,74,14,0,0,0,false
2025-10-19 23:27:53,2025-10-20 23:24:17,UTC+05:30,2025-10-20 21:00:00,2025-10-20 21:49:00,49,Weightlifting,7.4,269.0,149,118,69,16,0,0,0,false
2025-10-18 00:06:37,2025-10-18 23:47:55,UTC+05:30,2025-10-18 20:52:00,2025-10-18 21:05:00,13,Cricket,5.0,75.0,148,118,62,20,0,0,0,false
2025-10-18 00:06:37,2025-10-18 23:47:55,UTC+05:30,2025-10-18 20:04:00,2025-10-18 20:40:00,36,Cricket,6.3,177.0,157,114,56,12,2,0,0,false
2025-10-18 00:06:37,2025-10-18 23:47:55,UTC+05:30,2025-10-18 17:57:00,2025-10-18 19:07:29,70,Weightlifting,7.7,325.0,145,112,72,3,0,0,0,false
2025-10-16 23:43:57,2025-10-18 00:06:37,UTC+05:30,2025-10-17 17:19:30,2025-10-17 18:55:29,95,Weightlifting,8.6,408.0,161,112,72,5,0,0,0,false
2025-10-16 00:01:38,2025-10-16 23:43:57,UTC+05:30,2025-10-16 10:22:30,2025-10-16 10:41:59,19,Yoga,5.4,80.0,133,110,62,0,0,0,0,false
2025-10-13 23:40:38,2025-10-14 23:21:17,UTC+05:30,2025-10-14 17:52:30,2025-10-14 18:08:59,16,Weightlifting,5.3,104.0,143,121,91,9,0,0,0,false
2025-10-13 23:40:38,2025-10-14 23:21:17,UTC+05:30,2025-10-14 16:55:30,2025-10-14 17:10:29,14,Weightlifting,4.8,69.0,140,113,83,2,0,0,0,false
2025-10-11 22:12:10,2025-10-12 23:49:58,UTC+05:30,2025-10-12 17:43:30,2025-10-12 18:53:59,70,Activity,11.4,528.0,173,126,56,24,9,2,0,false
2025-10-11 22:12:10,2025-10-12 23:49:58,UTC+05:30,2025-10-12 07:42:47,2025-10-12 07:56:50,14,Walking,7.3,148.0,181,141,45,17,20,14,4,false
2025-10-11 22:12:10,2025-10-12 23:49:58,UTC+05:30,2025-10-12 07:21:47,2025-10-12 07:42:36,20,Running,10.7,272.0,176,153,0,20,48,32,0,false
2025-10-11 22:12:10,2025-10-12 23:49:58,UTC+05:30,2025-10-12 07:11:01,2025-10-12 07:21:36,10,Walking,4.7,63.0,136,118,100,0,0,0,0,false
2025-10-09 22:21:18,2025-10-10 23:06:00,UTC+05:30,2025-10-10 16:22:30,2025-10-10 18:17:59,115,Weightlifting,10.2,570.0,150,113,79,4,0,0,0,false
2025-10-08 22:14:08,2025-10-09 22:21:18,UTC+05:30,2025-10-09 16:37:30,2025-10-09 18:14:59,97,Weightlifting,12.3,709.0,157,124,65,26,3,0,0,false
2025-10-07 23:11:50,2025-10-08 22:14:08,UTC+05:30,2025-10-08 17:24:00,2025-10-08 18:17:59,53,Weightlifting,7.4,289.0,151,115,86,4,0,0,0,false
2025-10-06 23:12:55,2025-10-07 23:11:50,UTC+05:30,2025-10-07 17:03:00,2025-10-07 17:25:29,22,Weightlifting,5.0,90.0,141,108,64,1,0,0,0,false
2025-10-06 23:12:55,2025-10-07 23:11:50,UTC+05:30,2025-10-07 07:24:00,2025-10-07 07:40:29,16,Yoga,4.9,73.0,134,110,64,0,0,0,0,false
2025-10-05 23:53:52,2025-10-06 23:12:55,UTC+05:30,2025-10-06 08:28:30,2025-10-06 09:25:29,56,Weightlifting,8.7,361.0,161,120,70,20,0,0,0,false
2025-10-04 00:28:11,2025-10-05 00:01:16,UTC+05:30,2025-10-04 20:06:00,2025-10-04 20:59:59,53,Weightlifting,7.3,261.0,155,113,63,9,0,0,0,false
2025-10-02 00:11:57,2025-10-02 22:24:12,UTC+05:30,2025-10-02 17:19:30,2025-10-02 18:34:29,74,Weightlifting,7.6,307.0,151,109,62,2,0,0,0,false
2025-09-30 22:35:39,2025-10-02 00:11:57,UTC+05:30,2025-10-01 16:40:30,2025-10-01 17:32:59,52,Weightlifting,7.1,262.0,148,114,77,3,0,0,0,false
2025-09-30 22:35:39,2025-10-02 00:11:57,UTC+05:30,2025-10-01 06:59:53,2025-10-01 07:29:00,29,Yoga,6.6,39.0,111,81,0,0,0,0,0,false
2025-09-29 23:01:07,2025-09-30 22:35:39,UTC+05:30,2025-09-30 18:15:00,2025-09-30 18:32:59,17,Weightlifting,4.9,79.0,151,112,68,6,0,0,0,false
2025-09-29 23:01:07,2025-09-30 22:35:39,UTC+05:30,2025-09-30 16:48:00,2025-09-30 17:43:29,55,Weightlifting,6.3,200.0,147,107,56,2,0,0,0,false
2025-09-29 00:00:02,2025-09-29 23:01:07,UTC+05:30,2025-09-29 17:25:30,2025-09-29 19:08:59,103,Weightlifting,11.4,652.0,162,121,75,15,2,0,0,false
2025-09-25 23:19:24,2025-09-27 00:00:00,UTC+05:30,2025-09-26 17:33:00,2025-09-26 18:11:59,38,Weightlifting,6.4,207.0,141,116,88,1,0,0,0,false
2025-09-25 23:19:24,2025-09-27 00:00:00,UTC+05:30,2025-09-26 16:12:00,2025-09-26 16:46:29,34,Powerlifting,7.0,231.0,151,123,84,14,0,0,0,false
2025-09-25 23:19:24,2025-09-27 00:00:00,UTC+05:30,2025-09-26 07:19:00,2025-09-26 07:39:00,20,Yoga,4.8,38.0,128,91,17,0,0,0,0,false
2025-09-24 23:40:39,2025-09-25 23:19:24,UTC+05:30,2025-09-25 17:25:30,2025-09-25 18:10:29,44,Weightlifting,6.7,231.0,144,115,86,2,0,0,0,false
2025-09-24 23:40:39,2025-09-25 23:19:24,UTC+05:30,2025-09-25 16:37:30,2025-09-25 17:13:29,35,Weightlifting,6.7,211.0,149,118,71,14,0,0,0,false
2025-09-23 23:46:20,2025-09-24 23:40:39,UTC+05:30,2025-09-24 19:25:30,2025-09-24 19:44:59,19,Activity,4.9,82.0,142,112,73,1,0,0,0,false
2025-09-23 23:46:20,2025-09-24 23:40:39,UTC+05:30,2025-09-24 18:28:30,2025-09-24 19:13:29,44,Weightlifting,6.2,187.0,140,111,74,0,0,0,0,false
2025-09-23 23:46:20,2025-09-24 23:40:39,UTC+05:30,2025-09-24 09:22:30,2025-09-24 09:40:29,17,Yoga,4.3,30.0,122,97,12,0,0,0,0,false
2025-09-23 00:44:08,2025-09-23 23:46:20,UTC+05:30,2025-09-23 16:33:00,2025-09-23 17:55:29,82,Weightlifting,10.5,532.0,159,122,73,17,1,0,0,false
2025-09-22 00:17:16,2025-09-23 00:44:08,UTC+05:30,2025-09-22 18:19:30,2025-09-22 19:07:29,47,Weightlifting,7.5,270.0,156,118,73,12,2,0,0,false
2025-09-22 00:17:16,2025-09-23 00:44:08,UTC+05:30,2025-09-22 17:10:30,2025-09-22 17:44:59,34,Weightlifting,6.3,177.0,154,116,68,11,1,0,0,false
2025-09-21 02:15:20,2025-09-22 00:17:16,UTC+05:30,2025-09-21 11:45:00,2025-09-21 12:13:29,28,Activity,9.8,268.0,181,136,35,21,17,18,1,false
2025-09-19 22:56:39,2025-09-21 02:15:20,UTC+05:30,2025-09-20 21:03:00,2025-09-20 23:05:29,122,Cricket,9.5,481.0,170,108,48,4,2,0,0,false
2025-09-19 22:56:39,2025-09-21 02:15:20,UTC+05:30,2025-09-20 06:54:00,2025-09-20 07:10:00,16,Yoga,4.1,22.0,127,89,3,0,0,0,0,false
2025-09-18 22:32:04,2025-09-19 22:56:39,UTC+05:30,2025-09-19 17:04:00,2025-09-19 18:47:00,103,Weightlifting,9.5,498.0,146,114,77,5,0,0,0,false
2025-09-18 22:32:04,2025-09-19 22:56:39,UTC+05:30,2025-09-19 06:43:00,2025-09-19 06:54:00,11,Yoga,4.0,17.0,118,91,10,0,0,0,0,false
2025-09-17 23:00:27,2025-09-18 22:32:04,UTC+05:30,2025-09-18 17:16:30,2025-09-18 18:20:59,64,Weightlifting,14.4,439.0,159,124,71,18,4,0,0,false
2025-09-16 23:37:13,2025-09-17 23:00:27,UTC+05:30,2025-09-17 16:43:00,2025-09-17 17:37:00,54,Weightlifting,13.4,310.0,154,118,84,7,0,0,0,false
2025-09-15 22:07:02,2025-09-16 23:37:13,UTC+05:30,2025-09-16 10:32:00,2025-09-16 10:52:00,20,Yoga,4.5,25.0,104,77,0,0,0,0,0,false
2025-09-15 02:50:49,2025-09-15 22:07:02,UTC+05:30,2025-09-15 16:36:00,2025-09-15 17:20:59,44,Weightlifting,6.9,225.0,157,115,64,5,1,0,0,false
2025-09-12 01:30:49,2025-09-13 00:16:16,UTC+05:30,2025-09-12 16:50:00,2025-09-12 18:52:00,122,Weightlifting,14.2,583.0,149,114,73,1,0,0,0,false
2025-09-10 23:49:12,2025-09-12 01:30:49,UTC+05:30,2025-09-11 08:26:00,2025-09-11 10:04:29,98,Weightlifting,12.9,307.0,145,106,42,0,0,0,0,false
2025-09-10 00:55:22,2025-09-10 23:49:12,UTC+05:30,2025-09-10 09:15:00,2025-09-10 10:07:00,52,Weightlifting,13.9,291.0,157,118,33,28,1,0,0,false
2025-09-08 23:15:56,2025-09-10 00:55:22,UTC+05:30,2025-09-09 07:25:00,2025-09-09 09:15:00,110,Weightlifting,13.6,382.0,152,108,41,4,0,0,0,false
2025-09-08 02:40:58,2025-09-08 23:15:56,UTC+05:30,2025-09-08 16:55:30,2025-09-08 18:08:59,73,Strength Trainer,13.5,422.0,150,120,82,9,0,0,0,false
2025-09-05 23:54:03,2025-09-07 01:39:39,UTC+05:30,2025-09-06 08:39:32,2025-09-06 09:43:09,63,Strength Trainer,17.9,464.0,160,128,60,30,4,0,0,false
2025-09-03 22:58:46,2025-09-05 00:23:03,UTC+05:30,2025-09-04 08:39:47,2025-09-04 10:03:19,83,Strength Trainer,13.5,441.0,157,118,81,5,0,0,0,false
2025-09-02 23:06:20,2025-09-03 22:58:46,UTC+05:30,2025-09-03 08:54:17,2025-09-03 10:02:50,68,Strength Trainer,14.5,439.0,158,124,73,16,2,0,0,false
2025-08-29 23:36:03,2025-08-30 23:48:21,UTC+05:30,2025-08-30 08:48:35,2025-08-30 10:02:19,73,Strength Trainer,11.9,336.0,153,113,67,7,0,0,0,false
2025-08-28 23:20:09,2025-08-29 23:36:03,UTC+05:30,2025-08-29 17:08:24,2025-08-29 18:10:45,62,Strength Trainer,11.1,211.0,155,109,51,3,0,0,0,false
2025-08-27 23:58:02,2025-08-28 23:20:09,UTC+05:30,2025-08-28 18:00:21,2025-08-28 19:04:15,63,Strength Trainer,17.0,427.0,164,124,51,25,6,0,0,false
2025-08-26 22:55:35,2025-08-27 23:58:02,UTC+05:30,2025-08-27 19:42:00,2025-08-27 20:46:29,64,Commuting,7.8,323.0,157,117,73,9,1,0,0,false
2025-08-26 22:55:35,2025-08-27 23:58:02,UTC+05:30,2025-08-27 09:39:00,2025-08-27 10:01:29,22,Activity,8.6,203.0,188,136,43,30,9,5,11,false
2025-08-26 00:47:53,2025-08-26 22:55:35,UTC+05:30,2025-08-26 16:25:00,2025-08-26 17:42:16,77,Strength Trainer,13.9,308.0,147,111,66,2,0,0,0,false
2025-08-25 01:07:49,2025-08-26 00:47:53,UTC+05:30,2025-08-25 19:43:45,2025-08-25 20:14:52,31,Walking,6.1,178.0,133,120,98,0,0,0,0,false
2025-08-25 01:07:49,2025-08-26 00:47:53,UTC+05:30,2025-08-25 17:57:42,2025-08-25 19:30:53,93,Strength Trainer,13.4,412.0,157,112,65,6,0,0,0,false
2025-08-24 01:25:22,2025-08-25 01:07:49,UTC+05:30,2025-08-25 00:16:30,2025-08-25 00:56:59,40,Activity,10.2,352.0,196,134,38,29,19,7,5,false
2025-08-23 00:00:00,2025-08-24 01:25:22,UTC+05:30,2025-08-23 18:07:30,2025-08-23 19:14:59,67,Activity,7.8,340.0,144,116,91,1,0,0,0,false
2025-08-21 00:00:00,2025-08-22 03:52:16,UTC+05:30,2025-08-21 17:43:30,2025-08-21 18:11:59,28,Activity,12.5,366.0,189,153,9,12,37,30,12,false
2025-08-19 00:27:07,2025-08-21 00:00:00,UTC+05:30,2025-08-19 17:35:04,2025-08-19 18:59:52,84,Strength Trainer,14.5,513.0,159,121,76,15,1,0,0,false
2025-08-18 00:25:21,2025-08-19 00:27:07,UTC+05:30,2025-08-18 21:34:12,2025-08-18 22:21:11,46,Strength Trainer,11.6,174.0,148,110,66,1,0,0,0,false
2025-08-18 00:25:21,2025-08-19 00:27:07,UTC+05:30,2025-08-18 20:06:00,2025-08-18 20:40:29,34,Commuting,10.2,342.0,176,139,20,37,41,1,0,false
2025-08-18 00:25:21,2025-08-19 00:27:07,UTC+05:30,2025-08-18 13:04:30,2025-08-18 13:28:29,23,Hiking,5.4,111.0,152,114,66,7,0,0,0,false
2025-08-15 01:32:08,2025-08-15 23:12:28,UTC+05:30,2025-08-15 18:16:20,2025-08-15 19:25:17,68,Strength Trainer,13.4,373.0,159,118,61,16,0,0,0,false
2025-08-13 00:25:33,2025-08-13 23:53:29,UTC+05:30,2025-08-13 09:16:53,2025-08-13 09:50:12,33,Strength Trainer,12.6,210.0,157,123,69,17,3,0,0,false
2025-08-12 00:26:14,2025-08-13 00:25:33,UTC+05:30,2025-08-12 21:22:30,2025-08-12 21:38:59,16,Commuting,4.2,32.0,136,98,23,0,0,0,0,false
2025-08-11 05:21:46,2025-08-12 00:26:14,UTC+05:30,2025-08-11 18:21:52,2025-08-11 19:29:32,67,Strength Trainer,12.7,319.0,158,114,71,8,0,0,0,false
2025-08-09 01:54:38,2025-08-10 02:40:16,UTC+05:30,2025-08-09 17:58:39,2025-08-09 19:01:18,62,Strength Trainer,14.1,338.0,148,117,72,10,0,0,0,false
2025-08-08 00:20:09,2025-08-09 01:54:38,UTC+05:30,2025-08-08 21:03:00,2025-08-08 21:20:59,17,Commuting,5.2,96.0,177,116,70,9,1,2,0,false
2025-08-08 00:20:09,2025-08-09 01:54:38,UTC+05:30,2025-08-08 14:36:00,2025-08-08 15:32:59,56,Activity,10.5,454.0,173,129,49,40,5,0,0,false
2025-08-08 00:20:09,2025-08-09 01:54:38,UTC+05:30,2025-08-08 11:01:30,2025-08-08 12:11:59,70,Activity,11.5,575.0,165,130,61,34,5,0,0,false
2025-08-08 00:20:09,2025-08-09 01:54:38,UTC+05:30,2025-08-08 07:41:47,2025-08-08 08:15:52,34,Strength Trainer,12.6,141.0,142,111,66,1,0,0,0,false
2025-08-07 00:49:56,2025-08-08 00:20:09,UTC+05:30,2025-08-07 09:14:39,2025-08-07 09:55:19,40,Strength Trainer,12.6,223.0,154,117,73,12,0,0,0,false
2025-08-05 23:41:46,2025-08-07 00:49:56,UTC+05:30,2025-08-06 08:30:50,2025-08-06 09:49:28,78,Strength Trainer,15.8,329.0,152,108,52,5,0,0,0,false
2025-08-03 23:42:25,2025-08-05 00:19:27,UTC+05:30,2025-08-04 07:55:10,2025-08-04 09:11:31,76,Strength Trainer,13.0,183.0,145,101,29,0,0,0,0,false
2025-08-03 00:38:08,2025-08-03 23:42:25,UTC+05:30,2025-08-03 10:58:30,2025-08-03 11:32:59,34,Activity,11.7,378.0,184,144,23,35,23,16,3,false
2025-08-03 00:38:08,2025-08-03 23:42:25,UTC+05:30,2025-08-03 09:05:00,2025-08-03 09:24:00,19,Yoga,4.3,24.0,101,74,0,0,0,0,0,false
2025-08-02 01:11:51,2025-08-03 00:38:08,UTC+05:30,2025-08-02 21:07:23,2025-08-02 22:20:28,73,Strength Trainer,12.9,357.0,158,115,68,8,0,0,0,false
2025-08-01 00:18:55,2025-08-02 01:11:51,UTC+05:30,2025-08-01 08:37:06,2025-08-01 09:43:07,66,Strength Trainer,13.3,315.0,150,113,69,4,0,0,0,false
2025-07-30 23:41:27,2025-08-01 00:18:55,UTC+05:30,2025-07-31 16:06:30,2025-07-31 16:47:14,40,Strength Trainer,12.7,234.0,154,119,79,12,0,0,0,false
2025-07-30 23:41:27,2025-08-01 00:18:55,UTC+05:30,2025-07-31 09:55:11,2025-07-31 10:36:06,40,Yoga,9.5,140.0,132,106,48,0,0,0,0,false
2025-07-29 23:15:24,2025-07-30 23:41:27,UTC+05:30,2025-07-30 07:53:59,2025-07-30 09:27:41,93,Strength Trainer,12.8,413.0,151,111,63,5,0,0,0,false
2025-07-29 01:24:01,2025-07-29 23:15:24,UTC+05:30,2025-07-29 19:45:00,2025-07-29 20:04:29,19,Yoga,7.8,190.0,159,138,28,57,15,0,0,false
2025-07-29 01:24:01,2025-07-29 23:15:24,UTC+05:30,2025-07-29 16:13:55,2025-07-29 16:39:57,26,Strength Trainer,10.4,105.0,148,108,48,6,0,0,0,false
2025-07-27 23:50:44,2025-07-29 01:24:01,UTC+05:30,2025-07-28 16:11:00,2025-07-28 17:06:32,55,Strength Trainer,14.1,388.0,161,125,68,24,2,0,0,false
2025-07-24 23:17:29,2025-07-26 02:11:01,UTC+05:30,2025-07-25 10:36:00,2025-07-25 11:56:59,80,Cleaning,12.3,641.0,169,129,51,34,10,0,0,false
2025-07-24 23:17:29,2025-07-26 02:11:01,UTC+05:30,2025-07-25 08:48:22,2025-07-25 09:59:07,70,Strength Trainer,12.6,362.0,155,116,70,8,0,0,0,false
2025-07-21 23:16:10,2025-07-23 01:27:51,UTC+05:30,2025-07-23 00:58:30,2025-07-23 01:13:29,14,Swimming,4.8,71.0,150,114,70,7,0,0,0,false
2025-07-21 00:59:34,2025-07-21 23:16:10,UTC+05:30,2025-07-21 18:11:02,2025-07-21 19:31:15,80,Strength Trainer,14.3,551.0,161,125,63,24,4,0,0,false
2025-07-17 00:55:26,2025-07-17 23:12:51,UTC+05:30,2025-07-17 20:37:30,2025-07-17 21:16:29,38,Driving,9.1,334.0,185,133,58,32,9,1,0,false
2025-07-17 00:55:26,2025-07-17 23:12:51,UTC+05:30,2025-07-17 08:34:03,2025-07-17 10:02:05,88,Strength Trainer,13.2,332.0,151,110,54,2,0,0,0,false
2025-07-16 00:40:20,2025-07-17 00:55:26,UTC+05:30,2025-07-16 19:12:00,2025-07-16 20:24:37,72,Strength Trainer,12.5,295.0,153,111,58,3,0,0,0,false
2025-07-15 00:13:57,2025-07-16 00:40:20,UTC+05:30,2025-07-15 21:07:00,2025-07-15 22:08:56,61,Strength Trainer,15.3,391.0,158,123,79,13,1,0,0,false
2025-07-13 23:08:38,2025-07-15 00:13:57,UTC+05:30,2025-07-14 08:50:21,2025-07-14 09:53:59,63,Strength Trainer,12.9,299.0,162,115,60,5,3,0,0,false
2025-07-10 23:17:45,2025-07-11 23:40:10,UTC+05:30,2025-07-11 08:26:59,2025-07-11 09:42:54,75,Strength Trainer,9.3,436.0,159,120,67,15,1,0,0,false
2025-07-08 23:09:50,2025-07-10 01:41:58,UTC+05:30,2025-07-09 08:33:19,2025-07-09 09:44:00,70,Strength Trainer,16.1,426.0,149,121,75,11,0,0,0,false
2025-07-08 00:19:03,2025-07-08 23:09:50,UTC+05:30,2025-07-08 18:15:46,2025-07-08 19:42:28,86,Strength Trainer,13.3,344.0,147,111,63,1,0,0,0,false
2025-07-06 23:33:56,2025-07-08 00:19:03,UTC+05:30,2025-07-07 08:27:58,2025-07-07 09:22:02,54,Strength Trainer,12.4,250.0,158,116,68,7,0,0,0,false
2025-07-04 22:50:11,2025-07-05 23:40:00,UTC+05:30,2025-07-05 11:27:00,2025-07-05 12:00:42,33,Swimming,9.9,327.0,180,140,33,37,24,6,0,false
2025-07-04 22:50:11,2025-07-05 23:40:00,UTC+05:30,2025-07-05 09:00:00,2025-07-05 10:00:00,60,Cricket,13.2,634.0,170,144,14,50,36,0,0,false
2025-07-04 22:50:11,2025-07-05 23:40:00,UTC+05:30,2025-07-05 07:12:00,2025-07-05 08:09:34,57,HIIT,9.8,394.0,181,125,49,26,5,2,0,false
2025-07-03 01:44:49,2025-07-03 22:50:05,UTC+05:30,2025-07-03 19:39:48,2025-07-03 20:43:57,64,Strength Trainer,13.0,302.0,161,116,70,6,2,0,0,false
2025-07-01 22:55:04,2025-07-03 01:44:49,UTC+05:30,2025-07-02 09:13:00,2025-07-02 09:28:00,15,Swimming,4.8,65.0,158,115,52,12,2,0,0,false
2025-07-01 22:55:04,2025-07-03 01:44:49,UTC+05:30,2025-07-02 08:13:58,2025-07-02 09:03:20,49,Strength Trainer,17.3,357.0,157,128,61,33,2,0,0,false
2025-06-30 22:31:00,2025-07-01 22:55:04,UTC+05:30,2025-07-01 08:55:32,2025-07-01 10:26:51,91,Strength Trainer,13.7,345.0,153,111,52,6,0,0,0,false
2025-06-30 03:06:08,2025-06-30 22:31:00,UTC+05:30,2025-06-30 09:00:04,2025-06-30 10:03:48,63,Strength Trainer,10.3,212.0,158,109,56,3,0,0,0,false
2025-06-27 23:59:42,2025-06-28 23:21:08,UTC+05:30,2025-06-28 08:46:20,2025-06-28 09:48:07,61,Strength Trainer,11.9,248.0,149,113,70,1,0,0,0,false
2025-06-27 00:04:36,2025-06-27 23:59:42,UTC+05:30,2025-06-27 07:19:55,2025-06-27 08:21:45,61,Strength Trainer,13.3,326.0,156,119,81,4,0,0,0,false
2025-06-25 21:51:23,2025-06-27 00:04:36,UTC+05:30,2025-06-26 07:02:21,2025-06-26 09:18:15,135,Strength Trainer,13.3,473.0,148,109,51,3,0,0,0,false
2025-06-24 23:20:47,2025-06-25 21:51:23,UTC+05:30,2025-06-25 09:11:57,2025-06-25 10:03:20,51,Strength Trainer,17.1,337.0,161,123,45,26,7,0,0,false
2025-06-24 03:21:00,2025-06-24 23:20:47,UTC+05:30,2025-06-24 18:02:00,2025-06-24 19:00:00,58,Swimming,6.7,215.0,161,109,35,7,2,0,0,false
2025-06-24 03:21:00,2025-06-24 23:20:47,UTC+05:30,2025-06-24 16:34:22,2025-06-24 17:38:37,64,Strength Trainer,6.6,226.0,149,109,53,3,0,0,0,false
2025-06-22 22:38:38,2025-06-24 03:21:00,UTC+05:30,2025-06-23 08:22:01,2025-06-23 10:24:59,122,Strength Trainer,11.5,449.0,157,110,55,3,0,0,0,false
2025-06-21 00:22:43,2025-06-22 00:19:40,UTC+05:30,2025-06-21 08:22:27,2025-06-21 09:44:03,81,Strength Trainer,15.0,498.0,161,122,77,14,0,0,0,false
2025-06-18 23:11:58,2025-06-20 00:27:42,UTC+05:30,2025-06-19 08:17:40,2025-06-19 09:46:37,88,Strength Trainer,14.0,423.0,154,115,62,7,0,0,0,false
2025-06-18 00:27:51,2025-06-18 23:11:58,UTC+05:30,2025-06-18 08:05:24,2025-06-18 09:09:31,64,Strength Trainer,17.0,470.0,160,128,63,29,3,0,0,false
2025-06-15 23:14:54,2025-06-16 23:03:40,UTC+05:30,2025-06-16 09:03:50,2025-06-16 11:04:59,121,Strength Trainer,10.6,558.0,165,115,56,7,4,0,0,false
2025-06-13 23:46:27,2025-06-14 23:12:02,UTC+05:30,2025-06-14 08:17:50,2025-06-14 09:44:19,86,Strength Trainer,15.9,468.0,155,118,75,7,0,0,0,false
2025-06-11 22:51:52,2025-06-12 22:46:36,UTC+05:30,2025-06-12 08:18:48,2025-06-12 08:42:45,23,Swimming,5.0,84.0,167,107,33,6,4,0,0,false
2025-06-11 22:51:52,2025-06-12 22:46:36,UTC+05:30,2025-06-12 06:49:48,2025-06-12 08:06:20,76,Strength Trainer,7.3,299.0,147,110,59,1,0,0,0,false
2025-06-10 23:26:05,2025-06-11 22:51:52,UTC+05:30,2025-06-11 18:18:56,2025-06-11 19:22:11,63,Strength Trainer,11.0,509.0,162,131,50,38,8,0,0,false
2025-06-09 22:29:51,2025-06-10 23:26:05,UTC+05:30,2025-06-10 20:18:05,2025-06-10 21:06:56,48,Yoga,10.3,144.0,140,102,38,0,0,0,0,false
2025-06-08 22:58:06,2025-06-09 22:29:51,UTC+05:30,2025-06-09 07:51:08,2025-06-09 08:50:36,59,Strength Trainer,7.6,184.0,141,106,43,0,0,0,0,false
2025-06-05 22:47:27,2025-06-06 22:00:00,UTC+05:30,2025-06-06 08:30:00,2025-06-06 09:35:59,65,Powerlifting,10.2,485.0,156,128,74,22,2,0,0,false
2025-06-04 22:20:12,2025-06-05 22:47:27,UTC+05:30,2025-06-05 08:48:00,2025-06-05 09:07:29,19,Activity,4.4,45.0,141,102,27,1,0,0,0,false
2025-06-02 22:21:50,2025-06-04 00:14:17,UTC+05:30,2025-06-03 08:06:27,2025-06-03 09:13:02,66,Strength Trainer,17.7,592.0,173,135,34,53,12,1,0,false
2025-06-01 23:02:57,2025-06-02 22:21:50,UTC+05:30,2025-06-02 17:58:48,2025-06-02 19:13:55,75,Strength Trainer,11.8,575.0,161,129,53,37,8,0,0,false
2025-05-31 22:51:31,2025-06-01 23:02:57,UTC+05:30,2025-06-01 20:29:00,2025-06-01 21:15:00,46,Walking,5.9,150.0,157,107,31,7,0,0,0,false
2025-05-30 22:54:58,2025-05-31 22:51:31,UTC+05:30,2025-05-31 19:50:52,2025-05-31 21:07:25,76,Walking,7.2,275.0,145,110,62,2,0,0,0,false
2025-05-30 01:10:42,2025-05-30 22:54:58,UTC+05:30,2025-05-30 18:47:36,2025-05-30 19:46:18,58,Strength Trainer,13.8,542.0,175,135,32,43,19,4,0,false
2025-05-30 01:10:42,2025-05-30 22:54:58,UTC+05:30,2025-05-30 14:39:00,2025-05-30 15:50:59,71,Commuting,9.9,486.0,157,123,81,16,1,0,0,false
2025-05-28 22:19:52,2025-05-30 01:10:42,UTC+05:30,2025-05-29 07:18:10,2025-05-29 08:16:21,58,Strength Trainer,8.8,233.0,141,109,65,1,0,0,0,false
2025-05-27 22:35:36,2025-05-28 22:19:52,UTC+05:30,2025-05-28 17:45:48,2025-05-28 18:08:12,22,Yoga,5.7,64.0,137,100,37,0,0,0,0,false
2025-05-26 23:15:00,2025-05-27 22:35:36,UTC+05:30,2025-05-27 08:13:04,2025-05-27 08:44:07,31,Swimming,6.6,184.0,168,119,59,17,9,0,0,false
2025-05-26 23:15:00,2025-05-27 22:35:36,UTC+05:30,2025-05-27 06:23:37,2025-05-27 07:23:38,60,Strength Trainer,15.8,464.0,159,128,46,34,13,0,0,false
2025-05-25 23:16:42,2025-05-26 23:15:00,UTC+05:30,2025-05-26 12:44:44,2025-05-26 13:17:54,33,Hiking,8.8,288.0,158,133,35,49,13,0,0,false
2025-05-25 23:16:42,2025-05-26 23:15:00,UTC+05:30,2025-05-26 08:13:29,2025-05-26 09:35:52,82,Strength Trainer,14.0,486.0,163,118,54,22,3,0,0,false
2025-05-25 00:21:03,2025-05-25 23:16:42,UTC+05:30,2025-05-25 17:09:11,2025-05-25 17:59:34,50,Yoga,11.1,201.0,150,108,33,12,0,0,0,false
2025-05-23 22:45:24,2025-05-25 00:21:03,UTC+05:30,2025-05-24 08:14:40,2025-05-24 09:19:42,65,Strength Trainer,15.8,472.0,161,126,54,32,7,0,0,false
2025-05-22 23:44:59,2025-05-23 22:45:24,UTC+05:30,2025-05-23 17:16:55,2025-05-23 18:13:56,57,Strength Trainer,12.4,384.0,163,123,63,24,5,0,0,false
2025-05-22 00:13:39,2025-05-22 23:44:59,UTC+05:30,2025-05-22 08:50:00,2025-05-22 09:35:00,45,Yoga,9.7,113.0,135,99,32,0,0,0,0,false
2025-05-20 23:41:24,2025-05-22 00:13:39,UTC+05:30,2025-05-21 20:43:30,2025-05-21 21:11:59,28,Yoga,10.5,268.0,182,137,29,50,18,1,2,false
2025-05-20 23:41:24,2025-05-22 00:13:39,UTC+05:30,2025-05-21 17:27:17,2025-05-21 17:57:55,30,Yoga,9.6,224.0,156,126,64,26,4,0,0,false
2025-05-20 23:41:24,2025-05-22 00:13:39,UTC+05:30,2025-05-21 16:36:31,2025-05-21 17:26:21,49,Strength Trainer,15.1,490.0,171,139,21,39,34,2,0,false
2025-05-20 01:45:51,2025-05-20 23:41:24,UTC+05:30,2025-05-20 11:27:00,2025-05-20 11:47:00,20,Yoga,4.9,42.0,124,95,24,0,0,0,0,false
2025-05-19 03:04:06,2025-05-20 01:45:51,UTC+05:30,2025-05-19 19:16:48,2025-05-19 20:16:15,59,Weightlifting,14.0,529.0,161,134,36,48,15,0,0,false
2025-05-19 03:04:06,2025-05-20 01:45:51,UTC+05:30,2025-05-19 16:21:41,2025-05-19 16:57:29,35,Yoga,10.1,213.0,165,119,61,13,5,0,0,false
2025-05-17 23:19:36,2025-05-19 03:04:06,UTC+05:30,2025-05-18 17:51:00,2025-05-18 18:31:29,40,Driving,12.9,480.0,184,149,3,39,34,21,3,false
2025-05-17 23:19:36,2025-05-19 03:04:06,UTC+05:30,2025-05-18 07:50:59,2025-05-18 08:12:30,21,Yoga,7.1,147.0,158,124,54,25,6,0,0,false
2025-05-17 23:19:36,2025-05-19 03:04:06,UTC+05:30,2025-05-18 07:12:20,2025-05-18 07:27:50,15,Running,9.3,200.0,185,154,3,13,52,25,7,false
2025-05-16 23:56:00,2025-05-17 23:19:36,UTC+05:30,2025-05-17 07:32:00,2025-05-17 07:44:00,12,Yoga,4.0,16.0,119,88,1,0,0,0,0,false
2025-05-16 00:07:29,2025-05-16 23:56:00,UTC+05:30,2025-05-16 18:52:50,2025-05-16 19:43:33,50,Weightlifting,14.3,365.0,158,126,50,35,7,0,0,false
2025-05-16 00:07:29,2025-05-16 23:56:00,UTC+05:30,2025-05-16 18:34:52,2025-05-16 18:49:13,14,Yoga,4.3,38.0,129,101,38,0,0,0,0,false
2025-05-16 00:07:29,2025-05-16 23:56:00,UTC+05:30,2025-05-16 18:30:45,2025-05-16 18:34:06,3,Weightlifting,0.3,4.0,118,94,8,0,0,0,0,false
2025-05-14 22:32:25,2025-05-16 00:07:29,UTC+05:30,2025-05-15 07:02:00,2025-05-15 07:34:00,32,Yoga,8.1,120.0,145,107,54,4,0,0,0,false
2025-05-10 02:09:00,2025-05-10 22:05:38,UTC+05:30,2025-05-10 18:56:59,2025-05-10 19:28:29,31,Strength Trainer,12.5,190.0,157,124,75,15,0,0,0,false
2025-05-10 02:09:00,2025-05-10 22:05:38,UTC+05:30,2025-05-10 18:41:05,2025-05-10 18:53:22,12,Functional Fitness,4.0,18.0,130,99,12,0,0,0,0,false
2025-05-08 21:57:12,2025-05-10 02:09:00,UTC+05:30,2025-05-09 19:01:43,2025-05-09 19:39:25,37,Strength Trainer,12.0,252.0,162,122,73,14,5,0,0,false
2025-05-08 21:57:12,2025-05-10 02:09:00,UTC+05:30,2025-05-09 18:39:38,2025-05-09 18:55:15,15,Yoga,4.6,57.0,136,106,58,0,0,0,0,false
2025-05-07 00:00:00,2025-05-08 01:28:32,UTCZ,2025-05-08 04:08:40,2025-05-08 04:08:58,0,Walking,0.0,0.0,90,75,0,0,0,0,0,false
